{
  "project_info": {
    "project_number": "125511041615",
    "project_id": "fir-map-2b94b",
    "storage_bucket": "fir-map-2b94b.appspot.com"
  },
  "client": [
    {
      "client_info": {
        "mobilesdk_app_id": "1:125511041615:android:06edb78f9cc236c524a03a",
        "android_client_info": {
          "package_name": "com.example.scbookapp"
        }
      },
      "oauth_client": [
        {
          "client_id": "125511041615-brc6qalbv4ter84pmnf9te2ihtpahomg.apps.googleusercontent.com",
          "client_type": 3
        }
      ],
      "api_key": [
        {
          "current_key": "AIzaSyBH11FBaLFQ5jYTWUbbBGuyDnAo749p1OU"
        }
      ],
      "services": {
        "appinvite_service": {
          "other_platform_oauth_client": [
            {
              "client_id": "125511041615-brc6qalbv4ter84pmnf9te2ihtpahomg.apps.googleusercontent.com",
              "client_type": 3
            }
          ]
        }
      }
    }
  ],
  "configuration_version": "1"
}